-- insert roles
insert into user_roles (id, role_type) values (1, 'ADMIN');
insert into user_roles (id, role_type) values (2, 'MODERATOR');
insert into user_roles (id, role_type) values (3, 'USER');

-- insert pets
insert into pets (id, pets_type) values (1, 'Cat');
insert into pets (id, pets_type) values (2, 'Dog');

-- insert ingredients categories
insert into ingredients_categories (id, description, name) values (1, 'Essential amino acids are those that must be provided by a pet’s diet. They can be contained within animal or plant protein sources, meaning you won’t see them listed, or they can be added on their own, in which case you will see them listed.', 'AA');
insert into ingredients_categories (id, description, name) values (2, 'All animal products added to pet foods are defined and described by AAFCO.1 Each can provide a valuable source of protein and amino acids, and in sufficient quantity, meet the protein requirement of dogs and cats.\\n\\nThe pet food industry utilizes many parts of animals that are not consumed by people but are still highly nutritious and commonly consumed by our canine and feline friends’ wild counterparts. This helps the overall production of meat to be a more sustainable practice.', 'AP');
insert into ingredients_categories (id, description, name) values (3, 'Fats might not have a good reputation, but they are necessary and pose many benefits in pet food:\nServe as a good source of energy\nProvide 2.25 times more calories than protein or carbohydrates\nHelp with the absorption of fat-soluble vitamins A, E, D, and K\nSupply essential omega-3 and omega-6 fatty acids\nAdd palatability to the food', 'FO');
insert into ingredients_categories (id, description, name) values (4, 'These are sources of soluble fiber that increase the bulk and water content of the feces and increase production of short-chain fatty acids (SCFAs). SCFAs are important sources of energy for the cells of the colon, and they help promote water and electrolyte absorption in the large intestine.', 'G');
insert into ingredients_categories (id, description, name) values (5, 'Grains are categorized as either “whole grain,” meaning all parts of the grain are present (germ, bran, and endosperm), or “refined,” meaning they are processed with the germ and bran removed.\nThe grain endosperm contains gluten and starch. These various parts of the grain can be used as ingredients in cat food and dog food, and each provides a different purpose and set of nutrients.\nThese are important when considering certain pet health issues. For example, in diabetes, minimizing starch (found in endosperm) to reduce blood sugar spikes is the goal. And when managing obesity, it is important to optimize dietary fiber sources to help the pet feel full without providing additional calories', 'GR');
insert into ingredients_categories (id, description, name) values (6, 'Hydrolyzed proteins are found in hypoallergenic pet foods. The use of hydrolyzed poultry feathers has an added benefit of providing a sustainable protein option.', 'HP');
insert into ingredients_categories (id, description, name) values (7, 'Plant products can provide a source of protein and/or carbohydrates/fiber, depending on the type and how it is processed.', 'PP');
insert into ingredients_categories (id, description, name) values (8, 'Often referred to as “powdered cellulose,” it’s derived from the pulp of fibrous plants and provides a good source of insoluble fiber. This adds bulk to the diet, which offers satiation (the feeling of being full after a meal).\n\nCellulose is also added to cat foods to minimize hairball formation. It draws water into the GI tract and helps hair, consumed while grooming, to move along and be excreted in the feces.', 'CL');
insert into ingredients_categories (id, description, name) values (9, 'Common legumes in pet foods include peas, lentils, soy, and beans, and they are often used as substitutes for grains in grain-free pet food diets.', 'L');
insert into ingredients_categories (id, description, name) values (10, 'These vegetables are starchy and high in sugar, which means you do want to limit the amount you give to your dog (especially if his commercial or raw dog food already contains root vegetables – many do).', 'RV');
insert into ingredients_categories (id, description, name) values (11, 'The mineral requirements of dogs and cats may not be completely met by cat or dog food ingredients, so individual minerals are often added to supplement the diet.', 'M');
insert into ingredients_categories (id, description, name) values (12, 'Natural flavors are added to pet foods to enhance palatability and can include spices, broths, and yeast.', 'NF');
insert into ingredients_categories (id, description, name) values (13, 'Preservatives are added to pet foods to maintain quality, palatability, and shelf-life longevity. Available as artificial additives or natural, but natural tend to be less effective, meaning that the product will have a shorter shelf life if no artificial preservatives are used.', 'P');
insert into ingredients_categories (id, description, name) values (14, 'The goal of adding beneficial bacteria to pet food is to promote a healthy GI tract by preventing and treating gastroenteritis and inflammatory bowel disease, and mitigating food allergies.', 'PR');
insert into ingredients_categories (id, description, name) values (15, 'Depending on the ingredients of the pet food, vitamins may be added to ensure that the dog’s and/or cat’s nutrient requirements are met and/or to promote certain health aspects.\n\nMost of the names of added vitamins are straightforward on the pet food label, like vitamin B7 (biotin).', 'V');


-- insert ingredients
insert into ingredients (id, name, description, ingredient_category_id) values (1, 'Levofloxacin', 'enim lorem ipsum dolor sit amet consectetuer adipiscing elit proin interdum mauris non', 7);
insert into ingredients (id, name, description, ingredient_category_id) values (2, 'CACTUS GRANDIFLORUS', 'sit amet turpis elementum ligula vehicula consequat morbi a ipsum integer a nibh', 6);
insert into ingredients (id, name, description, ingredient_category_id) values (3, 'METOPROLOL TARTRATE', 'donec diam neque vestibulum eget vulputate ut ultrices vel augue vestibulum ante ipsum primis in faucibus orci luctus', 12);
insert into ingredients (id, name, description, ingredient_category_id) values (4, 'EPIPEN JR', 'vulputate nonummy maecenas tincidunt lacus at velit vivamus vel nulla eget eros elementum pellentesque quisque porta volutpat erat', 15);
insert into ingredients (id, name, description, ingredient_category_id) values (5, 'Leader Lubricant Eye', 'ac leo pellentesque ultrices mattis odio donec vitae nisi nam ultrices libero non mattis pulvinar nulla', 9);
insert into ingredients (id, name, description, ingredient_category_id) values (6, 'Justice', 'odio porttitor id consequat in consequat ut nulla sed accumsan felis ut at dolor', 10);
insert into ingredients (id, name, description, ingredient_category_id) values (7, 'Benicar', 'sagittis sapien cum sociis natoque penatibus et magnis dis parturient montes nascetur ridiculus mus etiam vel augue vestibulum', 2);
insert into ingredients (id, name, description, ingredient_category_id) values (8, 'ConRx Allergy Sinus', 'nec nisi volutpat eleifend donec ut dolor morbi vel lectus in quam fringilla rhoncus mauris enim', 3);
insert into ingredients (id, name, description, ingredient_category_id) values (9, 'Lidocaine Hydrochloride', 'quam pharetra magna ac consequat metus sapien ut nunc vestibulum ante ipsum primis in faucibus orci luctus et ultrices', 2);
insert into ingredients (id, name, description, ingredient_category_id) values (10, 'Growing Pains', 'vel sem sed sagittis nam congue risus semper porta volutpat quam pede lobortis', 14);
insert into ingredients (id, name, description, ingredient_category_id) values (11, 'PredniSONE', 'nunc commodo placerat praesent blandit nam nulla integer pede justo lacinia eget tincidunt eget tempus vel', 10);
insert into ingredients (id, name, description, ingredient_category_id) values (12, 'Carvedilol', 'nulla neque libero convallis eget eleifend luctus ultricies eu nibh quisque', 12);
insert into ingredients (id, name, description, ingredient_category_id) values (13, 'Sani-Gel', 'pede ac diam cras pellentesque volutpat dui maecenas tristique est et tempus', 6);
insert into ingredients (id, name, description, ingredient_category_id) values (14, 'NP set BB CREAM Broad Spectrum SPF 20', 'sit amet nunc viverra dapibus nulla suscipit ligula in lacus curabitur at ipsum ac tellus', 4);
insert into ingredients (id, name, description, ingredient_category_id) values (15, 'Amantadine Hydrochloride', 'accumsan tortor quis turpis sed ante vivamus tortor duis mattis egestas metus aenean fermentum donec ut mauris', 3);
insert into ingredients (id, name, description, ingredient_category_id) values (16, 'Sulphur Kit Refill', 'vestibulum aliquet ultrices erat tortor sollicitudin mi sit amet lobortis sapien sapien non mi integer ac neque duis bibendum', 6);
insert into ingredients (id, name, description, ingredient_category_id) values (17, 'DG Health Ibuprofen', 'nulla nisl nunc nisl duis bibendum felis sed interdum venenatis turpis enim blandit', 6);
insert into ingredients (id, name, description, ingredient_category_id) values (18, 'Pepsodent Complete Care', 'lacus purus aliquet at feugiat non pretium quis lectus suspendisse potenti in eleifend', 6);
insert into ingredients (id, name, description, ingredient_category_id) values (19, 'Mirtazapine', 'dapibus duis at velit eu est congue elementum in hac habitasse platea', 2);
insert into ingredients (id, name, description, ingredient_category_id) values (20, 'ZOLPIDEM TARTRATE', 'odio odio elementum eu interdum eu tincidunt in leo maecenas', 7);
insert into ingredients (id, name, description, ingredient_category_id) values (21, 'RIBASPHERE RibaPak', 'molestie lorem quisque ut erat curabitur gravida nisi at nibh in hac', 5);
insert into ingredients (id, name, description, ingredient_category_id) values (22, 'Silky Smooth Anti-Perspirant Deodorant Invisible Solid', 'at lorem integer tincidunt ante vel ipsum praesent blandit lacinia erat vestibulum sed magna at nunc commodo placerat praesent blandit', 2);
insert into ingredients (id, name, description, ingredient_category_id) values (23, 'Donepezil Hydrochloride', 'maecenas rhoncus aliquam lacus morbi quis tortor id nulla ultrices aliquet maecenas', 5);
insert into ingredients (id, name, description, ingredient_category_id) values (24, 'Amoxicillin and Clavulanate Potassium', 'nibh in lectus pellentesque at nulla suspendisse potenti cras in purus eu magna vulputate luctus cum sociis', 12);
insert into ingredients (id, name, description, ingredient_category_id) values (25, 'Prochieve', 'turpis sed ante vivamus tortor duis mattis egestas metus aenean fermentum', 5);
insert into ingredients (id, name, description, ingredient_category_id) values (26, 'Prednisones', 'nulla nunc purus phasellus in felis donec semper sapien a libero nam dui proin leo odio porttitor', 13);
insert into ingredients (id, name, description, ingredient_category_id) values (27, 'Lemon Lime Hand Sanitizer', 'felis fusce posuere felis sed lacus morbi sem mauris laoreet ut rhoncus', 3);
insert into ingredients (id, name, description, ingredient_category_id) values (28, 'Levetiracetam', 'risus auctor sed tristique in tempus sit amet sem fusce consequat nulla nisl nunc nisl duis bibendum felis sed', 14);
insert into ingredients (id, name, description, ingredient_category_id) values (29, 'Lidocaine Hydrochloride and Dextrose', 'maecenas ut massa quis augue luctus tincidunt nulla mollis molestie lorem quisque ut erat curabitur gravida nisi at nibh', 14);
insert into ingredients (id, name, description, ingredient_category_id) values (30, 'Chenodiol', 'risus praesent lectus vestibulum quam sapien varius ut blandit non interdum in ante', 8);
insert into ingredients (id, name, description, ingredient_category_id) values (31, 'LBEL Mouse Foundation', 'vulputate luctus cum sociis natoque penatibus et magnis dis parturient montes nascetur', 8);
insert into ingredients (id, name, description, ingredient_category_id) values (32, 'Sulfasalazine', 'accumsan felis ut at dolor quis odio consequat varius integer ac leo pellentesque ultrices mattis odio', 1);
insert into ingredients (id, name, description, ingredient_category_id) values (33, 'albuterol sulfate', 'libero rutrum ac lobortis vel dapibus at diam nam tristique tortor eu pede', 10);
insert into ingredients (id, name, description, ingredient_category_id) values (34, 'Terrestristat', 'lorem integer tincidunt ante vel ipsum praesent blandit lacinia erat vestibulum sed', 14);
insert into ingredients (id, name, description, ingredient_category_id) values (35, 'Sodium Bicarbonate', 'ipsum primis in faucibus orci luctus et ultrices posuere cubilia curae donec pharetra magna vestibulum aliquet ultrices erat tortor', 2);
insert into ingredients (id, name, description, ingredient_category_id) values (36, 'COMBIVIR', 'primis in faucibus orci luctus et ultrices posuere cubilia curae donec pharetra magna vestibulum aliquet ultrices erat tortor sollicitudin mi', 4);
insert into ingredients (id, name, description, ingredient_category_id) values (37, 'Exchange Select Sport Sunscreen', 'in quam fringilla rhoncus mauris enim leo rhoncus sed vestibulum sit amet cursus id turpis integer aliquet massa id lobortis', 3);
insert into ingredients (id, name, description, ingredient_category_id) values (38, 'Fexofenadine HCl and Pseudoephedrine HCI', 'sapien dignissim vestibulum vestibulum ante ipsum primis in faucibus orci luctus et ultrices posuere cubilia curae nulla', 1);
insert into ingredients (id, name, description, ingredient_category_id) values (39, 'Mirtazapines', 'semper interdum mauris ullamcorper purus sit amet nulla quisque arcu libero', 13);
insert into ingredients (id, name, description, ingredient_category_id) values (40, 'GABAPENTIN', 'fringilla rhoncus mauris enim leo rhoncus sed vestibulum sit amet cursus id turpis integer aliquet massa id lobortis convallis tortor', 13);
insert into ingredients (id, name, description, ingredient_category_id) values (41, 'PREMIER VALUE TOLNAFTATE ANTIFUNGAL', 'convallis duis consequat dui nec nisi volutpat eleifend donec ut dolor morbi vel', 12);
insert into ingredients (id, name, description, ingredient_category_id) values (42, 'Sertraline Hydrochloride', 'eu mi nulla ac enim in tempor turpis nec euismod scelerisque quam', 1);
insert into ingredients (id, name, description, ingredient_category_id) values (43, 'Readyflush Protect Wipes', 'a pede posuere nonummy integer non velit donec diam neque vestibulum eget vulputate ut ultrices', 1);
insert into ingredients (id, name, description, ingredient_category_id) values (44, 'LBEL EFFET PARFAIT', 'eget rutrum at lorem integer tincidunt ante vel ipsum praesent blandit lacinia erat vestibulum', 6);
insert into ingredients (id, name, description, ingredient_category_id) values (45, 'SnowSkin Sunscreen', 'vel ipsum praesent blandit lacinia erat vestibulum sed magna at nunc commodo placerat praesent blandit nam nulla', 11);
insert into ingredients (id, name, description, ingredient_category_id) values (46, 'Tussin Sugar Free', 'integer ac neque duis bibendum morbi non quam nec dui luctus rutrum nulla tellus in sagittis dui vel nisl duis', 5);
insert into ingredients (id, name, description, ingredient_category_id) values (47, 'SHISEIDO THE MAKEUP PERFECT SMOOTHING COMPACT FOUNDATION (Refill)', 'mauris ullamcorper purus sit amet nulla quisque arcu libero rutrum ac', 3);
insert into ingredients (id, name, description, ingredient_category_id) values (48, 'Risperidone', 'justo pellentesque viverra pede ac diam cras pellentesque volutpat dui maecenas tristique est et tempus', 5);
insert into ingredients (id, name, description, ingredient_category_id) values (49, 'Famotidine', 'pulvinar lobortis est phasellus sit amet erat nulla tempus vivamus in felis eu sapien cursus vestibulum proin eu mi', 10);
insert into ingredients (id, name, description, ingredient_category_id) values (50, 'Labetalol Hydrochloride', 'auctor gravida sem praesent id massa id nisl venenatis lacinia aenean sit amet justo morbi ut odio cras', 4);

-- insert brands

insert into brands (id, name, description, pic_url) values (1, 'Chatterpoint', 'proin risus praesent lectus vestibulum quam sapien', 'https://cdn.royalcanin-weshare-online.io/lSEua2QBaxEApS7L_vuK/v2/logo-rc-dms-2016-c');
insert into brands (id, name, description, pic_url) values (2, 'Youspan', 'massa id lobortis convallis tortor risus dapibus augue vel accumsan tellus', 'https://upload.wikimedia.org/wikipedia/en/5/54/HIll%27s_Pet_Nutrition_logo.png');
insert into brands (id, name, description, pic_url) values (3, 'Kwideo', 'praesent blandit nam nulla integer pede justo lacinia eget tincidunt eget tempus vel', 'https://www.krmivo-brit.cz/assets/front/img/ogfacebook.png');
insert into brands (id, name, description, pic_url) values (4, 'Shuffledrive', 'leo odio porttitor id consequat', 'https://pbs.twimg.com/profile_images/498453438200422400/bGDdVw7v_400x400.png');
insert into brands (id, name, description, pic_url) values (5, 'Dablist', 'ut blandit non interdum in', 'https://wecanimal.it/themes/pym_template/assets/img//landing/1732/Taste_of_the_will_comida_seca.png');
insert into brands (id, name, description, pic_url) values (6, 'Oyonder', 'sit amet sem fusce consequat nulla nisl nunc nisl duis bibendum felis sed interdum venenatis turpis enim blandit mi in', 'https://usercontent.one/wp/www.admauganda.com/wp-content/uploads/2022/01/699371118.png');
insert into brands (id, name, description, pic_url) values (7, 'Edgeblab', 'libero nam dui proin leo', 'https://applaws.com/us/images/applaws_logo.png');
insert into brands (id, name, description, pic_url) values (8, 'Twitterlist', 'sit amet sem fusce consequat nulla nisl', 'https://cdn.webshopapp.com/shops/295565/files/331571793/image.jpg');
insert into brands (id, name, description, pic_url) values (9, 'Gigashots', 'sit amet sem fusce consequat', 'https://upload.wikimedia.org/wikipedia/en/d/d1/Purina_Felix_logo.png');
insert into brands (id, name, description, pic_url) values (10, 'Mita', 'ac enim in tempor turpis nec euismod scelerisque quam turpis adipiscing lorem vitae mattis nibh ligula nec sem duis', 'https://uxt-cf-images.mediazs.com/w4bhfqu0yxyq/6B0YRuxWoXoT9M9kEPcQih/ee4c0fc1ef69cb43835e7826b902ab72/logo_Rocco_1000x1000.jpg');

-- insert products

insert into products (id, name, description, pic_url, brand_id, pet_id) values (1, 'Beard Lichen', 'semper interdum mauris ullamcorper purus sit amet nulla quisque arcu libero rutrum ac', 'http://dummyimage.com/234x100.png/dddddd/000000', 8, 1);
insert into products (id, name, description, pic_url, brand_id, pet_id) values (2, 'Decomposition Brackenfern', 'lectus in est risus auctor sed', 'http://dummyimage.com/177x100.png/cc0000/ffffff', 9, 1);
insert into products (id, name, description, pic_url, brand_id, pet_id) values (3, 'Wildcane', 'diam id ornare imperdiet sapien urna pretium nisl', 'http://dummyimage.com/193x100.png/cc0000/ffffff', 6, 2);
insert into products (id, name, description, pic_url, brand_id, pet_id) values (4, 'Volcanic Melicope', 'quis odio consequat varius integer ac leo pellentesque ultrices mattis odio donec vitae nisi nam ultrices libero', 'http://dummyimage.com/151x100.png/dddddd/000000', 9, 2);
insert into products (id, name, description, pic_url, brand_id, pet_id) values (5, 'Wavy Heliotrope', 'porttitor pede justo eu massa donec', 'http://dummyimage.com/245x100.png/ff4444/ffffff', 1, 2);
insert into products (id, name, description, pic_url, brand_id, pet_id) values (6, 'Red Grama', 'eleifend donec ut dolor morbi vel', 'http://dummyimage.com/247x100.png/ff4444/ffffff', 10, 2);
insert into products (id, name, description, pic_url, brand_id, pet_id) values (7, 'Silkcotton Purslane', 'in ante vestibulum ante ipsum primis in faucibus orci luctus et ultrices posuere cubilia curae duis faucibus accumsan odio', 'http://dummyimage.com/170x100.png/cc0000/ffffff', 8, 2);
insert into products (id, name, description, pic_url, brand_id, pet_id) values (8, 'Chamaecytisus', 'ipsum dolor sit amet consectetuer adipiscing elit proin risus praesent lectus vestibulum quam sapien varius', 'http://dummyimage.com/214x100.png/cc0000/ffffff', 7, 1);
insert into products (id, name, description, pic_url, brand_id, pet_id) values (9, 'Trivial Absconditella Lichen', 'sed accumsan felis ut at dolor quis odio consequat', 'http://dummyimage.com/197x100.png/ff4444/ffffff', 2, 2);
insert into products (id, name, description, pic_url, brand_id, pet_id) values (10, 'Mariposa Monkeyflower', 'morbi sem mauris laoreet ut rhoncus aliquet pulvinar sed nisl nunc rhoncus dui vel sem sed sagittis nam congue', 'http://dummyimage.com/217x100.png/5fa2dd/ffffff', 8, 1);
insert into products (id, name, description, pic_url, brand_id, pet_id) values (11, 'Featherweed', 'nulla facilisi cras non velit nec nisi vulputate nonummy', 'http://dummyimage.com/146x100.png/ff4444/ffffff', 5, 2);
insert into products (id, name, description, pic_url, brand_id, pet_id) values (12, 'Amblystegium Moss', 'turpis enim blandit mi in porttitor pede justo eu', 'http://dummyimage.com/245x100.png/dddddd/000000', 3, 2);
insert into products (id, name, description, pic_url, brand_id, pet_id) values (13, 'Dwarf Iris', 'vitae mattis nibh ligula nec sem duis aliquam convallis', 'http://dummyimage.com/115x100.png/ff4444/ffffff', 4, 2);
insert into products (id, name, description, pic_url, brand_id, pet_id) values (14, 'Sweetbush', 'orci pede venenatis non sodales sed tincidunt eu felis fusce', 'http://dummyimage.com/171x100.png/ff4444/ffffff', 9, 2);
insert into products (id, name, description, pic_url, brand_id, pet_id) values (15, 'New Mexico Yellow Flax', 'felis sed interdum venenatis turpis enim blandit mi', 'http://dummyimage.com/194x100.png/dddddd/000000', 2, 2);
insert into products (id, name, description, pic_url, brand_id, pet_id) values (16, 'Turion Duckweed', 'nunc commodo placerat praesent blandit nam nulla integer pede justo lacinia', 'http://dummyimage.com/221x100.png/ff4444/ffffff', 10, 2);
insert into products (id, name, description, pic_url, brand_id, pet_id) values (17, 'Western Meadow-rue', 'praesent blandit nam nulla integer pede justo lacinia eget tincidunt eget', 'http://dummyimage.com/144x100.png/dddddd/000000', 3, 1);
insert into products (id, name, description, pic_url, brand_id, pet_id) values (18, 'Desert Poa', 'duis faucibus accumsan odio curabitur convallis duis consequat dui nec nisi volutpat eleifend', 'http://dummyimage.com/183x100.png/dddddd/000000', 9, 2);
insert into products (id, name, description, pic_url, brand_id, pet_id) values (19, 'Bigelow''s Thoroughwort', 'mauris non ligula pellentesque ultrices phasellus id sapien in sapien iaculis congue vivamus metus arcu adipiscing', 'http://dummyimage.com/198x100.png/ff4444/ffffff', 4, 1);
insert into products (id, name, description, pic_url, brand_id, pet_id) values (20, 'Harvestbells', 'augue aliquam erat volutpat in congue etiam justo etiam pretium iaculis justo in hac habitasse platea dictumst etiam faucibus', 'http://dummyimage.com/247x100.png/5fa2dd/ffffff', 9, 2);
insert into products (id, name, description, pic_url, brand_id, pet_id) values (21, 'Ridge Beggartick', 'tincidunt ante vel ipsum praesent blandit lacinia erat vestibulum sed magna at nunc commodo placerat praesent blandit nam nulla', 'http://dummyimage.com/132x100.png/cc0000/ffffff', 1, 1);
insert into products (id, name, description, pic_url, brand_id, pet_id) values (22, 'Pine Lily', 'morbi non lectus aliquam sit amet diam in magna bibendum imperdiet nullam orci pede venenatis non sodales sed tincidunt eu', 'http://dummyimage.com/186x100.png/ff4444/ffffff', 4, 2);
insert into products (id, name, description, pic_url, brand_id, pet_id) values (23, 'Santa Rita Mountain Grama', 'ut erat curabitur gravida nisi at nibh in hac habitasse', 'http://dummyimage.com/193x100.png/ff4444/ffffff', 4, 1);
insert into products (id, name, description, pic_url, brand_id, pet_id) values (24, 'Witch''s Hair Lichen', 'convallis morbi odio odio elementum eu interdum eu tincidunt in', 'http://dummyimage.com/102x100.png/5fa2dd/ffffff', 9, 1);
insert into products (id, name, description, pic_url, brand_id, pet_id) values (25, 'Thomas'' Lidflower', 'dolor sit amet consectetuer adipiscing elit proin risus praesent', 'http://dummyimage.com/219x100.png/dddddd/000000', 5, 1);
insert into products (id, name, description, pic_url, brand_id, pet_id) values (26, 'Saltwater Cress', 'phasellus in felis donec semper sapien a libero nam', 'http://dummyimage.com/176x100.png/5fa2dd/ffffff', 5, 2);
insert into products (id, name, description, pic_url, brand_id, pet_id) values (27, 'Monoa Melicope', 'blandit lacinia erat vestibulum sed magna at nunc commodo placerat praesent blandit nam nulla integer pede', 'http://dummyimage.com/141x100.png/cc0000/ffffff', 1, 1);
insert into products (id, name, description, pic_url, brand_id, pet_id) values (28, 'Dwarf St. Johnswort', 'justo morbi ut odio cras mi pede malesuada in imperdiet et commodo vulputate justo', 'http://dummyimage.com/114x100.png/5fa2dd/ffffff', 8, 2);
insert into products (id, name, description, pic_url, brand_id, pet_id) values (29, 'Graceful Midsorus Fern', 'sit amet erat nulla tempus vivamus in felis eu sapien cursus', 'http://dummyimage.com/156x100.png/dddddd/000000', 3, 2);
insert into products (id, name, description, pic_url, brand_id, pet_id) values (30, 'Pygmy Sagebrush', 'erat nulla tempus vivamus in felis eu sapien cursus vestibulum proin eu mi nulla ac enim in tempor turpis nec', 'http://dummyimage.com/124x100.png/ff4444/ffffff', 1, 2);
insert into products (id, name, description, pic_url, brand_id, pet_id) values (31, 'Wolf''s Spikerush', 'at nibh in hac habitasse platea', 'http://dummyimage.com/127x100.png/dddddd/000000', 10, 2);
insert into products (id, name, description, pic_url, brand_id, pet_id) values (32, 'Voitia Moss', 'aliquet pulvinar sed nisl nunc rhoncus dui vel sem', 'http://dummyimage.com/199x100.png/cc0000/ffffff', 1, 1);
insert into products (id, name, description, pic_url, brand_id, pet_id) values (33, 'European Beachgrass', 'erat volutpat in congue etiam justo etiam pretium iaculis justo in hac habitasse platea dictumst etiam faucibus cursus urna', 'http://dummyimage.com/177x100.png/cc0000/ffffff', 5, 1);
insert into products (id, name, description, pic_url, brand_id, pet_id) values (34, 'Woodvine', 'pede justo lacinia eget tincidunt eget tempus vel pede morbi porttitor lorem', 'http://dummyimage.com/184x100.png/5fa2dd/ffffff', 8, 1);
insert into products (id, name, description, pic_url, brand_id, pet_id) values (35, 'Larkspurleaf Monkshood', 'sit amet eros suspendisse accumsan tortor quis turpis sed ante vivamus tortor duis mattis egestas', 'http://dummyimage.com/237x100.png/ff4444/ffffff', 7, 1);
insert into products (id, name, description, pic_url, brand_id, pet_id) values (36, 'Wright''s Desert Honeysuckle', 'rhoncus aliquet pulvinar sed nisl nunc rhoncus dui vel sem', 'http://dummyimage.com/196x100.png/dddddd/000000', 9, 2);
insert into products (id, name, description, pic_url, brand_id, pet_id) values (37, 'Kalm''s Hawkweed', 'aliquet at feugiat non pretium quis lectus suspendisse potenti in eleifend quam', 'http://dummyimage.com/217x100.png/dddddd/000000', 2, 1);
insert into products (id, name, description, pic_url, brand_id, pet_id) values (38, 'Ramonia', 'dapibus at diam nam tristique tortor eu pede', 'http://dummyimage.com/137x100.png/dddddd/000000', 7, 1);
insert into products (id, name, description, pic_url, brand_id, pet_id) values (39, 'Lewis'' Heartleaf', 'natoque penatibus et magnis dis parturient montes nascetur ridiculus mus vivamus', 'http://dummyimage.com/206x100.png/5fa2dd/ffffff', 4, 1);
insert into products (id, name, description, pic_url, brand_id, pet_id) values (40, 'Ptychomitrium Moss', 'tellus nulla ut erat id mauris vulputate elementum nullam varius nulla facilisi cras non velit nec nisi vulputate nonummy maecenas', 'http://dummyimage.com/118x100.png/5fa2dd/ffffff', 4, 1);
insert into products (id, name, description, pic_url, brand_id, pet_id) values (41, 'Chaff Flower', 'ultrices enim lorem ipsum dolor sit amet consectetuer adipiscing elit proin interdum', 'http://dummyimage.com/234x100.png/cc0000/ffffff', 6, 2);
insert into products (id, name, description, pic_url, brand_id, pet_id) values (42, 'Rock''s Nehe', 'donec ut mauris eget massa tempor convallis nulla neque libero convallis eget eleifend luctus ultricies', 'http://dummyimage.com/220x100.png/5fa2dd/ffffff', 2, 1);
insert into products (id, name, description, pic_url, brand_id, pet_id) values (43, 'Thatching Grass', 'nibh in hac habitasse platea dictumst aliquam augue quam sollicitudin vitae consectetuer eget', 'http://dummyimage.com/107x100.png/dddddd/000000', 2, 2);
insert into products (id, name, description, pic_url, brand_id, pet_id) values (44, 'Death Valley Beardtongue', 'vivamus metus arcu adipiscing molestie hendrerit at vulputate vitae nisl aenean lectus pellentesque eget', 'http://dummyimage.com/233x100.png/dddddd/000000', 1, 2);
insert into products (id, name, description, pic_url, brand_id, pet_id) values (45, 'Broomsedge Bluestem', 'convallis morbi odio odio elementum eu interdum eu tincidunt in leo maecenas pulvinar', 'http://dummyimage.com/123x100.png/dddddd/000000', 6, 1);
insert into products (id, name, description, pic_url, brand_id, pet_id) values (46, 'Harness'' Popcornflower', 'sit amet erat nulla tempus vivamus', 'http://dummyimage.com/215x100.png/5fa2dd/ffffff', 1, 1);
insert into products (id, name, description, pic_url, brand_id, pet_id) values (47, 'Field Sagewort', 'integer ac leo pellentesque ultrices mattis odio donec vitae', 'http://dummyimage.com/194x100.png/dddddd/000000', 9, 2);
insert into products (id, name, description, pic_url, brand_id, pet_id) values (48, 'American Speedwell', 'magna vestibulum aliquet ultrices erat tortor sollicitudin mi', 'http://dummyimage.com/177x100.png/5fa2dd/ffffff', 2, 1);
insert into products (id, name, description, pic_url, brand_id, pet_id) values (49, 'Wild Jute', 'erat vestibulum sed magna at nunc commodo placerat', 'http://dummyimage.com/199x100.png/cc0000/ffffff', 4, 1);
insert into products (id, name, description, pic_url, brand_id, pet_id) values (50, 'Birch', 'erat tortor sollicitudin mi sit amet lobortis sapien sapien non mi integer', 'http://dummyimage.com/174x100.png/ff4444/ffffff', 5, 1);

-- insert into products_ingredients

insert into product_ingredients (product_id, ingredient_id) values (38, 50);
insert into product_ingredients (product_id, ingredient_id) values (30, 43);
insert into product_ingredients (product_id, ingredient_id) values (3, 34);
insert into product_ingredients (product_id, ingredient_id) values (29, 13);
insert into product_ingredients (product_id, ingredient_id) values (5, 17);
insert into product_ingredients (product_id, ingredient_id) values (25, 34);
insert into product_ingredients (product_id, ingredient_id) values (43, 45);
insert into product_ingredients (product_id, ingredient_id) values (42, 13);
insert into product_ingredients (product_id, ingredient_id) values (7, 31);
insert into product_ingredients (product_id, ingredient_id) values (9, 27);
insert into product_ingredients (product_id, ingredient_id) values (14, 29);
insert into product_ingredients (product_id, ingredient_id) values (50, 31);
insert into product_ingredients (product_id, ingredient_id) values (45, 2);
insert into product_ingredients (product_id, ingredient_id) values (1, 32);
insert into product_ingredients (product_id, ingredient_id) values (19, 42);
insert into product_ingredients (product_id, ingredient_id) values (2, 31);
insert into product_ingredients (product_id, ingredient_id) values (49, 2);
insert into product_ingredients (product_id, ingredient_id) values (13, 24);
insert into product_ingredients (product_id, ingredient_id) values (38, 48);
insert into product_ingredients (product_id, ingredient_id) values (44, 19);
insert into product_ingredients (product_id, ingredient_id) values (12, 4);
insert into product_ingredients (product_id, ingredient_id) values (15, 44);
insert into product_ingredients (product_id, ingredient_id) values (41, 46);
insert into product_ingredients (product_id, ingredient_id) values (5, 21);
insert into product_ingredients (product_id, ingredient_id) values (16, 48);
insert into product_ingredients (product_id, ingredient_id) values (40, 41);
insert into product_ingredients (product_id, ingredient_id) values (5, 35);
insert into product_ingredients (product_id, ingredient_id) values (30, 1);
insert into product_ingredients (product_id, ingredient_id) values (27, 29);
insert into product_ingredients (product_id, ingredient_id) values (36, 23);
insert into product_ingredients (product_id, ingredient_id) values (43, 32);
insert into product_ingredients (product_id, ingredient_id) values (20, 8);
insert into product_ingredients (product_id, ingredient_id) values (2, 35);
insert into product_ingredients (product_id, ingredient_id) values (14, 33);
insert into product_ingredients (product_id, ingredient_id) values (12, 11);
insert into product_ingredients (product_id, ingredient_id) values (5, 42);
insert into product_ingredients (product_id, ingredient_id) values (2, 36);
insert into product_ingredients (product_id, ingredient_id) values (20, 49);
insert into product_ingredients (product_id, ingredient_id) values (22, 20);
insert into product_ingredients (product_id, ingredient_id) values (39, 27);
insert into product_ingredients (product_id, ingredient_id) values (1, 41);
insert into product_ingredients (product_id, ingredient_id) values (49, 17);
insert into product_ingredients (product_id, ingredient_id) values (18, 36);
insert into product_ingredients (product_id, ingredient_id) values (10, 28);
insert into product_ingredients (product_id, ingredient_id) values (13, 39);
insert into product_ingredients (product_id, ingredient_id) values (3, 11);
insert into product_ingredients (product_id, ingredient_id) values (9, 10);
insert into product_ingredients (product_id, ingredient_id) values (50, 6);
insert into product_ingredients (product_id, ingredient_id) values (22, 30);
insert into product_ingredients (product_id, ingredient_id) values (13, 4);
insert into product_ingredients (product_id, ingredient_id) values (46, 29);
insert into product_ingredients (product_id, ingredient_id) values (19, 36);
insert into product_ingredients (product_id, ingredient_id) values (25, 12);
insert into product_ingredients (product_id, ingredient_id) values (20, 21);
insert into product_ingredients (product_id, ingredient_id) values (5, 28);
insert into product_ingredients (product_id, ingredient_id) values (46, 36);
insert into product_ingredients (product_id, ingredient_id) values (28, 3);
insert into product_ingredients (product_id, ingredient_id) values (43, 50);
insert into product_ingredients (product_id, ingredient_id) values (11, 12);
insert into product_ingredients (product_id, ingredient_id) values (7, 22);
insert into product_ingredients (product_id, ingredient_id) values (15, 9);
insert into product_ingredients (product_id, ingredient_id) values (20, 35);
insert into product_ingredients (product_id, ingredient_id) values (23, 44);
insert into product_ingredients (product_id, ingredient_id) values (18, 47);
insert into product_ingredients (product_id, ingredient_id) values (6, 3);
insert into product_ingredients (product_id, ingredient_id) values (22, 16);
insert into product_ingredients (product_id, ingredient_id) values (2, 16);
insert into product_ingredients (product_id, ingredient_id) values (4, 12);
insert into product_ingredients (product_id, ingredient_id) values (6, 29);
insert into product_ingredients (product_id, ingredient_id) values (47, 9);
insert into product_ingredients (product_id, ingredient_id) values (15, 47);
insert into product_ingredients (product_id, ingredient_id) values (23, 11);
insert into product_ingredients (product_id, ingredient_id) values (28, 42);
insert into product_ingredients (product_id, ingredient_id) values (41, 31);
insert into product_ingredients (product_id, ingredient_id) values (11, 14);
insert into product_ingredients (product_id, ingredient_id) values (41, 37);
insert into product_ingredients (product_id, ingredient_id) values (43, 41);
insert into product_ingredients (product_id, ingredient_id) values (50, 43);
insert into product_ingredients (product_id, ingredient_id) values (18, 45);
insert into product_ingredients (product_id, ingredient_id) values (9, 36);
insert into product_ingredients (product_id, ingredient_id) values (19, 7);
insert into product_ingredients (product_id, ingredient_id) values (17, 32);
insert into product_ingredients (product_id, ingredient_id) values (8, 22);
insert into product_ingredients (product_id, ingredient_id) values (37, 49);
insert into product_ingredients (product_id, ingredient_id) values (21, 32);
insert into product_ingredients (product_id, ingredient_id) values (28, 13);
insert into product_ingredients (product_id, ingredient_id) values (49, 36);
insert into product_ingredients (product_id, ingredient_id) values (5, 3);
insert into product_ingredients (product_id, ingredient_id) values (18, 35);
insert into product_ingredients (product_id, ingredient_id) values (9, 39);
insert into product_ingredients (product_id, ingredient_id) values (11, 34);
insert into product_ingredients (product_id, ingredient_id) values (31, 16);
insert into product_ingredients (product_id, ingredient_id) values (29, 42);
insert into product_ingredients (product_id, ingredient_id) values (28, 4);
insert into product_ingredients (product_id, ingredient_id) values (7, 29);
insert into product_ingredients (product_id, ingredient_id) values (25, 2);
insert into product_ingredients (product_id, ingredient_id) values (26, 24);
insert into product_ingredients (product_id, ingredient_id) values (3, 9);
insert into product_ingredients (product_id, ingredient_id) values (40, 35);
insert into product_ingredients (product_id, ingredient_id) values (34, 16);
insert into product_ingredients (product_id, ingredient_id) values (17, 43);
insert into product_ingredients (product_id, ingredient_id) values (19, 22);
insert into product_ingredients (product_id, ingredient_id) values (1, 20);
insert into product_ingredients (product_id, ingredient_id) values (16, 30);
insert into product_ingredients (product_id, ingredient_id) values (29, 14);
insert into product_ingredients (product_id, ingredient_id) values (1, 37);
insert into product_ingredients (product_id, ingredient_id) values (18, 44);
insert into product_ingredients (product_id, ingredient_id) values (4, 30);
insert into product_ingredients (product_id, ingredient_id) values (50, 35);
insert into product_ingredients (product_id, ingredient_id) values (21, 27);
insert into product_ingredients (product_id, ingredient_id) values (50, 38);
insert into product_ingredients (product_id, ingredient_id) values (22, 38);
insert into product_ingredients (product_id, ingredient_id) values (34, 37);
insert into product_ingredients (product_id, ingredient_id) values (42, 9);
insert into product_ingredients (product_id, ingredient_id) values (21, 25);
insert into product_ingredients (product_id, ingredient_id) values (13, 7);
insert into product_ingredients (product_id, ingredient_id) values (1, 22);
insert into product_ingredients (product_id, ingredient_id) values (17, 14);
insert into product_ingredients (product_id, ingredient_id) values (5, 44);
insert into product_ingredients (product_id, ingredient_id) values (45, 10);
insert into product_ingredients (product_id, ingredient_id) values (22, 18);
insert into product_ingredients (product_id, ingredient_id) values (22, 21);
insert into product_ingredients (product_id, ingredient_id) values (30, 21);
insert into product_ingredients (product_id, ingredient_id) values (30, 39);
insert into product_ingredients (product_id, ingredient_id) values (33, 31);
insert into product_ingredients (product_id, ingredient_id) values (8, 42);
insert into product_ingredients (product_id, ingredient_id) values (50, 23);
insert into product_ingredients (product_id, ingredient_id) values (13, 46);
insert into product_ingredients (product_id, ingredient_id) values (4, 47);
insert into product_ingredients (product_id, ingredient_id) values (20, 1);
insert into product_ingredients (product_id, ingredient_id) values (28, 18);
insert into product_ingredients (product_id, ingredient_id) values (6, 19);
insert into product_ingredients (product_id, ingredient_id) values (19, 21);
insert into product_ingredients (product_id, ingredient_id) values (25, 10);
insert into product_ingredients (product_id, ingredient_id) values (18, 10);
insert into product_ingredients (product_id, ingredient_id) values (23, 47);
insert into product_ingredients (product_id, ingredient_id) values (10, 1);
insert into product_ingredients (product_id, ingredient_id) values (47, 40);
insert into product_ingredients (product_id, ingredient_id) values (14, 9);
insert into product_ingredients (product_id, ingredient_id) values (29, 34);
insert into product_ingredients (product_id, ingredient_id) values (17, 15);
insert into product_ingredients (product_id, ingredient_id) values (23, 6);
insert into product_ingredients (product_id, ingredient_id) values (35, 10);
insert into product_ingredients (product_id, ingredient_id) values (26, 41);
insert into product_ingredients (product_id, ingredient_id) values (35, 47);
insert into product_ingredients (product_id, ingredient_id) values (3, 47);
insert into product_ingredients (product_id, ingredient_id) values (50, 1);
insert into product_ingredients (product_id, ingredient_id) values (50, 48);
insert into product_ingredients (product_id, ingredient_id) values (26, 48);
insert into product_ingredients (product_id, ingredient_id) values (50, 24);
insert into product_ingredients (product_id, ingredient_id) values (25, 44);
insert into product_ingredients (product_id, ingredient_id) values (23, 22);
insert into product_ingredients (product_id, ingredient_id) values (43, 16);
insert into product_ingredients (product_id, ingredient_id) values (6, 6);
insert into product_ingredients (product_id, ingredient_id) values (32, 45);
insert into product_ingredients (product_id, ingredient_id) values (32, 27);
insert into product_ingredients (product_id, ingredient_id) values (49, 8);
insert into product_ingredients (product_id, ingredient_id) values (4, 10);
insert into product_ingredients (product_id, ingredient_id) values (23, 33);
insert into product_ingredients (product_id, ingredient_id) values (7, 36);
insert into product_ingredients (product_id, ingredient_id) values (30, 3);
insert into product_ingredients (product_id, ingredient_id) values (30, 10);
insert into product_ingredients (product_id, ingredient_id) values (10, 20);
insert into product_ingredients (product_id, ingredient_id) values (23, 28);
insert into product_ingredients (product_id, ingredient_id) values (3, 6);
insert into product_ingredients (product_id, ingredient_id) values (17, 18);
insert into product_ingredients (product_id, ingredient_id) values (42, 2);
insert into product_ingredients (product_id, ingredient_id) values (32, 22);
insert into product_ingredients (product_id, ingredient_id) values (32, 12);
insert into product_ingredients (product_id, ingredient_id) values (32, 15);
insert into product_ingredients (product_id, ingredient_id) values (42, 5);
insert into product_ingredients (product_id, ingredient_id) values (28, 2);
insert into product_ingredients (product_id, ingredient_id) values (46, 45);
insert into product_ingredients (product_id, ingredient_id) values (42, 40);
insert into product_ingredients (product_id, ingredient_id) values (27, 25);
insert into product_ingredients (product_id, ingredient_id) values (6, 23);
insert into product_ingredients (product_id, ingredient_id) values (50, 34);
insert into product_ingredients (product_id, ingredient_id) values (25, 17);
insert into product_ingredients (product_id, ingredient_id) values (4, 13);
insert into product_ingredients (product_id, ingredient_id) values (7, 13);
insert into product_ingredients (product_id, ingredient_id) values (33, 38);
insert into product_ingredients (product_id, ingredient_id) values (20, 41);
insert into product_ingredients (product_id, ingredient_id) values (14, 31);
insert into product_ingredients (product_id, ingredient_id) values (29, 33);
insert into product_ingredients (product_id, ingredient_id) values (39, 15);
insert into product_ingredients (product_id, ingredient_id) values (44, 23);
insert into product_ingredients (product_id, ingredient_id) values (5, 16);
insert into product_ingredients (product_id, ingredient_id) values (26, 19);
insert into product_ingredients (product_id, ingredient_id) values (35, 41);
insert into product_ingredients (product_id, ingredient_id) values (5, 48);
insert into product_ingredients (product_id, ingredient_id) values (16, 50);
insert into product_ingredients (product_id, ingredient_id) values (10, 6);

-- insert users

insert into users (id, created, display_name, email, password, profile_pic_url) values (1, '2022-08-20', 'clewer0', 'ewinters0@reuters.com', '5Th8jy3kR0A8', 'http://dummyimage.com/200x100.png/cc0000/ffffff');
insert into users (id, created, display_name, email, password, profile_pic_url) values (2, '2022-02-09', 'lforten1', 'mswale1@google.de', '917CRUFlJm0P', 'http://dummyimage.com/214x100.png/5fa2dd/ffffff');
insert into users (id, created, display_name, email, password, profile_pic_url) values (3, '2023-09-02', 'ddickerson2', 'cjacobbe2@intel.com', 'wY0vJVW5y', 'http://dummyimage.com/153x100.png/dddddd/000000');
insert into users (id, created, display_name, email, password, profile_pic_url) values (4, '2022-09-18', 'sbockh3', 'mforrestor3@noaa.gov', 'aQRLeinf7', 'http://dummyimage.com/154x100.png/5fa2dd/ffffff');
insert into users (id, created, display_name, email, password, profile_pic_url) values (5, '2022-11-18', 'fstud4', 'slandrieu4@barnesandnoble.com', 'Br6TCTuBB', 'http://dummyimage.com/111x100.png/cc0000/ffffff');
insert into users (id, created, display_name, email, password, profile_pic_url) values (6, '2022-07-19', 'yjacqueme5', 'sfussell5@biblegateway.com', 'H3DVvV6rLz', 'http://dummyimage.com/240x100.png/ff4444/ffffff');
insert into users (id, created, display_name, email, password, profile_pic_url) values (7, '2022-07-08', 'bscruby6', 'acadreman6@w3.org', '4u8xPI', 'http://dummyimage.com/115x100.png/5fa2dd/ffffff');
insert into users (id, created, display_name, email, password, profile_pic_url) values (8, '2022-09-05', 'bcrowthe7', 'kmckirdy7@sciencedaily.com', '0oXt0uNGr3V', 'http://dummyimage.com/130x100.png/cc0000/ffffff');
insert into users (id, created, display_name, email, password, profile_pic_url) values (9, '2023-02-14', 'lbaudinot8', 'gpanton8@wikimedia.org', 'oqgDyf49keJR', 'http://dummyimage.com/211x100.png/5fa2dd/ffffff');
insert into users (id, created, display_name, email, password, profile_pic_url) values (10, '2022-10-25', 'mfear9', 'mvignaux9@nhs.uk', 'Is5E1XysIN', 'http://dummyimage.com/152x100.png/5fa2dd/ffffff');
insert into users (id, created, display_name, email, password, profile_pic_url) values (11, '2022-08-15', 'acolchetta', 'mperforda@wunderground.com', 'DInTAwOfDdoA', 'http://dummyimage.com/156x100.png/ff4444/ffffff');
insert into users (id, created, display_name, email, password, profile_pic_url) values (12, '2022-10-29', 'cyoungsb', 'egeldertb@bluehost.com', 'FUj7y5U', 'http://dummyimage.com/196x100.png/cc0000/ffffff');
insert into users (id, created, display_name, email, password, profile_pic_url) values (13, '2023-03-01', 'rburridgec', 'fchallenc@people.com.cn', '3Gp2x9yvXeo', 'http://dummyimage.com/224x100.png/dddddd/000000');
insert into users (id, created, display_name, email, password, profile_pic_url) values (14, '2022-05-31', 'lissacd', 'rmeadersd@xinhuanet.com', 'AIpvY0DUMwz', 'http://dummyimage.com/214x100.png/dddddd/000000');
insert into users (id, created, display_name, email, password, profile_pic_url) values (15, '2022-12-17', 'emanleye', 'acornilse@reddit.com', 'EQkszAhHYGv', 'http://dummyimage.com/146x100.png/5fa2dd/ffffff');
insert into users (id, created, display_name, email, password, profile_pic_url) values (16, '2023-01-27', 'cstanyonf', 'tbillf@newsvine.com', '9cedYxc', 'http://dummyimage.com/184x100.png/5fa2dd/ffffff');
insert into users (id, created, display_name, email, password, profile_pic_url) values (17, '2023-01-18', 'gmorriartyg', 'mmobbsg@weather.com', '2cBaAOH37X1S', 'http://dummyimage.com/168x100.png/ff4444/ffffff');
insert into users (id, created, display_name, email, password, profile_pic_url) values (18, '2022-03-18', 'cgellanh', 'sbroseniush@bigcartel.com', 'YGpZFhayNF', 'http://dummyimage.com/165x100.png/ff4444/ffffff');
insert into users (id, created, display_name, email, password, profile_pic_url) values (19, '2022-05-15', 'esilvertoni', 'bcozbyi@umich.edu', 'X7PKtsXjYZHp', 'http://dummyimage.com/177x100.png/ff4444/ffffff');
insert into users (id, created, display_name, email, password, profile_pic_url) values (20, '2022-06-15', 'iwaterhousj', 'vbodmanj@facebook.com', 'SDkMVr1kChVS', 'http://dummyimage.com/113x100.png/dddddd/000000');

-- insert user roles junction

insert into users_user_roles (user_entity_id, user_roles_id) values (1, 1);
insert into users_user_roles (user_entity_id, user_roles_id) values (1, 3);
insert into users_user_roles (user_entity_id, user_roles_id) values (2, 2);
insert into users_user_roles (user_entity_id, user_roles_id) values (2, 3);
insert into users_user_roles (user_entity_id, user_roles_id) values (3, 3);
insert into users_user_roles (user_entity_id, user_roles_id) values (4, 3);
insert into users_user_roles (user_entity_id, user_roles_id) values (5, 2);
insert into users_user_roles (user_entity_id, user_roles_id) values (5, 3);
insert into users_user_roles (user_entity_id, user_roles_id) values (6, 2);
insert into users_user_roles (user_entity_id, user_roles_id) values (6, 3);
insert into users_user_roles (user_entity_id, user_roles_id) values (7, 1);
insert into users_user_roles (user_entity_id, user_roles_id) values (8, 2);
insert into users_user_roles (user_entity_id, user_roles_id) values (8, 3);
insert into users_user_roles (user_entity_id, user_roles_id) values (9, 3);
insert into users_user_roles (user_entity_id, user_roles_id) values (10, 3);
insert into users_user_roles (user_entity_id, user_roles_id) values (11, 3);
insert into users_user_roles (user_entity_id, user_roles_id) values (12, 3);
insert into users_user_roles (user_entity_id, user_roles_id) values (13, 3);
insert into users_user_roles (user_entity_id, user_roles_id) values (14, 3);
insert into users_user_roles (user_entity_id, user_roles_id) values (15, 3);
insert into users_user_roles (user_entity_id, user_roles_id) values (16, 3);
insert into users_user_roles (user_entity_id, user_roles_id) values (17, 3);
insert into users_user_roles (user_entity_id, user_roles_id) values (18, 3);
insert into users_user_roles (user_entity_id, user_roles_id) values (19, 3);
insert into users_user_roles (user_entity_id, user_roles_id) values (20, 3);

-- insert user pets

insert into users_pets (user_entity_id, pets_id) values (1, 2);
insert into users_pets (user_entity_id, pets_id) values (2, 2);
insert into users_pets (user_entity_id, pets_id) values (2, 1);
insert into users_pets (user_entity_id, pets_id) values (3, 2);
insert into users_pets (user_entity_id, pets_id) values (4, 2);
insert into users_pets (user_entity_id, pets_id) values (5, 1);
insert into users_pets (user_entity_id, pets_id) values (6, 1);
insert into users_pets (user_entity_id, pets_id) values (6, 2);
insert into users_pets (user_entity_id, pets_id) values (7, 1);
insert into users_pets (user_entity_id, pets_id) values (8, 2);
insert into users_pets (user_entity_id, pets_id) values (11, 1);
insert into users_pets (user_entity_id, pets_id) values (12, 2);
insert into users_pets (user_entity_id, pets_id) values (13, 2);
insert into users_pets (user_entity_id, pets_id) values (14, 2);
insert into users_pets (user_entity_id, pets_id) values (15, 1);
insert into users_pets (user_entity_id, pets_id) values (15, 2);
insert into users_pets (user_entity_id, pets_id) values (16, 1);
insert into users_pets (user_entity_id, pets_id) values (17, 2);
insert into users_pets (user_entity_id, pets_id) values (19, 1);
insert into users_pets (user_entity_id, pets_id) values (20, 2);

-- insert reviews

insert into reviews (id, content, created_on, author_id, product_id, reported) values (1, 'etiam justo etiam pretium iaculis justo in hac habitasse', '2022-11-12', 9, 12, false);
insert into reviews (id, content, created_on, author_id, product_id, reported) values (2, 'dui vel nisl duis ac nibh fusce lacus purus aliquet at feugiat non pretium', '2022-03-11', 14, 14, false);
insert into reviews (id, content, created_on, author_id, product_id, reported) values (3, 'sapien dignissim vestibulum vestibulum ante ipsum primis in faucibus', '2022-08-13', 8, 18, false);
insert into reviews (id, content, created_on, author_id, product_id, reported) values (4, 'leo maecenas pulvinar lobortis est phasellus sit', '2023-02-17', 16, 24, false);
insert into reviews (id, content, created_on, author_id, product_id, reported) values (5, 'curae nulla dapibus dolor vel', '2022-06-27', 12, 45, false);
insert into reviews (id, content, created_on, author_id, product_id, reported) values (6, 'est lacinia nisi venenatis tristique fusce congue diam id ornare imperdiet sapien urna pretium nisl ut volutpat', '2022-04-19', 14, 31, false);
insert into reviews (id, content, created_on, author_id, product_id, reported) values (7, 'placerat ante nulla justo aliquam quis turpis eget elit sodales scelerisque mauris sit amet eros', '2023-01-13', 8, 36, false);
insert into reviews (id, content, created_on, author_id, product_id, reported) values (8, 'rhoncus aliquam lacus morbi quis tortor id nulla ultrices aliquet maecenas', '2022-11-24', 2, 47, false);
insert into reviews (id, content, created_on, author_id, product_id, reported) values (9, 'aenean lectus pellentesque eget nunc donec quis orci eget orci vehicula condimentum curabitur in libero ut massa', '2022-05-14', 6, 29, false);
insert into reviews (id, content, created_on, author_id, product_id, reported) values (10, 'sit amet diam in magna bibendum imperdiet nullam orci pede venenatis non sodales sed tincidunt', '2023-05-03', 7, 35, false);
insert into reviews (id, content, created_on, author_id, product_id, reported) values (11, 'curabitur gravida nisi at nibh in hac', '2022-03-22', 13, 45, false);
insert into reviews (id, content, created_on, author_id, product_id, reported) values (12, 'molestie nibh in lectus pellentesque at nulla suspendisse potenti cras in purus eu magna vulputate luctus cum sociis natoque penatibus', '2022-12-01', 18, 3, false);
insert into reviews (id, content, created_on, author_id, product_id, reported) values (13, 'cursus id turpis integer aliquet massa id lobortis convallis tortor risus dapibus augue vel accumsan tellus nisi eu', '2023-03-06', 2, 27, false);
insert into reviews (id, content, created_on, author_id, product_id, reported) values (14, 'eget semper rutrum nulla nunc purus phasellus in felis donec semper sapien a', '2022-08-06', 12, 47, false);
insert into reviews (id, content, created_on, author_id, product_id, reported) values (15, 'egestas metus aenean fermentum donec ut mauris eget massa tempor convallis nulla neque libero convallis', '2022-08-18', 20, 41, false);
insert into reviews (id, content, created_on, author_id, product_id, reported) values (16, 'hac habitasse platea dictumst morbi vestibulum velit id pretium iaculis diam erat fermentum', '2022-07-30', 10, 42, false);
insert into reviews (id, content, created_on, author_id, product_id, reported) values (17, 'primis in faucibus orci luctus et ultrices posuere cubilia', '2022-11-12', 8, 18, false);
insert into reviews (id, content, created_on, author_id, product_id, reported) values (18, 'sem duis aliquam convallis nunc proin at turpis a pede', '2022-09-09', 2, 31, false);
insert into reviews (id, content, created_on, author_id, product_id, reported) values (19, 'consectetuer eget rutrum at lorem integer tincidunt ante vel ipsum praesent blandit lacinia erat vestibulum sed magna at', '2022-07-31', 9, 49, false);
insert into reviews (id, content, created_on, author_id, product_id, reported) values (20, 'at turpis donec posuere metus vitae', '2022-10-13', 7, 30, false);
insert into reviews (id, content, created_on, author_id, product_id, reported) values (21, 'sagittis sapien cum sociis natoque penatibus et magnis dis parturient', '2023-02-15', 5, 23, false);
insert into reviews (id, content, created_on, author_id, product_id, reported) values (22, 'eros viverra eget congue eget semper rutrum nulla', '2022-09-07', 15, 13, false);
insert into reviews (id, content, created_on, author_id, product_id, reported) values (23, 'ut erat curabitur gravida nisi at nibh in hac habitasse platea dictumst', '2023-01-18', 8, 22, false);
insert into reviews (id, content, created_on, author_id, product_id, reported) values (24, 'commodo placerat praesent blandit nam nulla integer pede justo lacinia', '2022-12-26', 4, 29, false);
insert into reviews (id, content, created_on, author_id, product_id, reported) values (25, 'justo sollicitudin ut suscipit a feugiat et eros vestibulum', '2022-07-26', 3, 49, false);
insert into reviews (id, content, created_on, author_id, product_id, reported) values (26, 'ut suscipit a feugiat et', '2022-08-28', 18, 29, false);
insert into reviews (id, content, created_on, author_id, product_id, reported) values (27, 'sapien cum sociis natoque penatibus et magnis dis parturient montes nascetur ridiculus mus etiam vel augue vestibulum', '2022-08-03', 13, 30, false);
insert into reviews (id, content, created_on, author_id, product_id, reported) values (28, 'eros viverra eget congue eget semper', '2022-08-02', 13, 18, false);
insert into reviews (id, content, created_on, author_id, product_id, reported) values (29, 'tellus nulla ut erat id mauris vulputate elementum nullam varius nulla', '2022-06-27', 3, 13, false);
insert into reviews (id, content, created_on, author_id, product_id, reported) values (30, 'at turpis donec posuere metus vitae ipsum aliquam', '2022-09-11', 1, 27, false);
insert into reviews (id, content, created_on, author_id, product_id, reported) values (31, 'sapien a libero nam dui proin leo', '2022-11-05', 11, 28, false);
insert into reviews (id, content, created_on, author_id, product_id, reported) values (32, 'vel lectus in quam fringilla rhoncus mauris enim leo rhoncus sed vestibulum sit amet cursus id', '2022-07-13', 18, 8, false);
insert into reviews (id, content, created_on, author_id, product_id, reported) values (33, 'donec posuere metus vitae ipsum aliquam non mauris', '2022-11-20', 9, 30, false);
insert into reviews (id, content, created_on, author_id, product_id, reported) values (34, 'et magnis dis parturient montes nascetur ridiculus mus etiam vel augue vestibulum rutrum rutrum', '2023-02-21', 4, 46, false);
insert into reviews (id, content, created_on, author_id, product_id, reported) values (35, 'nam ultrices libero non mattis pulvinar nulla pede ullamcorper augue', '2022-07-09', 11, 13, false);
insert into reviews (id, content, created_on, author_id, product_id, reported) values (36, 'odio donec vitae nisi nam ultrices libero non mattis pulvinar nulla pede ullamcorper augue a suscipit nulla', '2022-04-30', 12, 30, false);
insert into reviews (id, content, created_on, author_id, product_id, reported) values (37, 'vel augue vestibulum rutrum rutrum neque aenean auctor gravida sem praesent id massa', '2022-11-29', 4, 14, false);
insert into reviews (id, content, created_on, author_id, product_id, reported) values (38, 'enim leo rhoncus sed vestibulum sit amet cursus id turpis integer aliquet massa id lobortis convallis tortor', '2022-10-31', 9, 28, false);
insert into reviews (id, content, created_on, author_id, product_id, reported) values (39, 'velit vivamus vel nulla eget eros elementum pellentesque quisque porta volutpat erat quisque', '2022-05-28', 4, 38, false);
insert into reviews (id, content, created_on, author_id, product_id, reported) values (40, 'id lobortis convallis tortor risus dapibus augue vel accumsan tellus nisi eu orci mauris lacinia', '2022-12-24', 19, 3, false);
insert into reviews (id, content, created_on, author_id, product_id, reported) values (41, 'morbi sem mauris laoreet ut rhoncus aliquet pulvinar sed nisl nunc rhoncus', '2022-11-19', 17, 26, false);
insert into reviews (id, content, created_on, author_id, product_id, reported) values (42, 'maecenas tincidunt lacus at velit vivamus vel nulla eget eros elementum pellentesque quisque porta volutpat erat quisque erat', '2022-07-07', 10, 32, false);
insert into reviews (id, content, created_on, author_id, product_id, reported) values (43, 'lobortis sapien sapien non mi integer ac neque duis bibendum morbi non', '2022-12-4', 19, 18, false);
insert into reviews (id, content, created_on, author_id, product_id, reported) values (44, 'sapien urna pretium nisl ut volutpat sapien arcu sed augue aliquam erat volutpat in congue', '2023-01-16', 6, 25, false);
insert into reviews (id, content, created_on, author_id, product_id, reported) values (45, 'accumsan felis ut at dolor', '2022-04-26', 20, 29, false);
insert into reviews (id, content, created_on, author_id, product_id, reported) values (46, 'ut ultrices vel augue vestibulum ante ipsum primis in faucibus', '2023-01-22', 11, 47, false);
insert into reviews (id, content, created_on, author_id, product_id, reported) values (47, 'tristique in tempus sit amet sem fusce consequat nulla nisl nunc nisl duis', '2022-12-19', 7, 1, false);
insert into reviews (id, content, created_on, author_id, product_id, reported) values (48, 'tempor turpis nec euismod scelerisque quam turpis adipiscing lorem vitae mattis nibh ligula nec sem', '2022-08-21', 4, 45, false);
insert into reviews (id, content, created_on, author_id, product_id, reported) values (49, 'justo eu massa donec dapibus duis at velit eu est', '2022-08-10', 7, 48, false);
insert into reviews (id, content, created_on, author_id, product_id, reported) values (50, 'libero nam dui proin leo odio', '2022-08-13', 17, 2, false);
insert into reviews (id, content, created_on, author_id, product_id, reported) values (51, 'pharetra magna ac consequat metus', '2022-09-03', 10, 23, false);
insert into reviews (id, content, created_on, author_id, product_id, reported) values (52, 'elit proin risus praesent lectus vestibulum quam sapien varius ut', '2022-09-02', 13, 46, false);
insert into reviews (id, content, created_on, author_id, product_id, reported) values (53, 'iaculis diam erat fermentum justo nec condimentum neque sapien', '2022-04-10', 14, 36, false);
insert into reviews (id, content, created_on, author_id, product_id, reported) values (54, 'ullamcorper augue a suscipit nulla elit ac nulla sed vel enim sit amet nunc viverra', '2023-02-07', 16, 19, false);
insert into reviews (id, content, created_on, author_id, product_id, reported) values (55, 'quis orci eget orci vehicula condimentum curabitur in libero ut massa volutpat convallis morbi odio odio elementum eu', '2022-04-25', 14, 47, false);
insert into reviews (id, content, created_on, author_id, product_id, reported) values (56, 'sem fusce consequat nulla nisl nunc nisl duis bibendum felis sed interdum venenatis turpis enim blandit mi', '2022-06-29', 17, 40, false);
insert into reviews (id, content, created_on, author_id, product_id, reported) values (57, 'vivamus tortor duis mattis egestas', '2022-06-09', 4, 17, false);
insert into reviews (id, content, created_on, author_id, product_id, reported) values (58, 'cursus urna ut tellus nulla ut erat id mauris vulputate elementum', '2023-03-03', 6, 10, false);
insert into reviews (id, content, created_on, author_id, product_id, reported) values (59, 'tellus nulla ut erat id mauris vulputate elementum nullam varius', '2022-06-14', 13, 20, false);
insert into reviews (id, content, created_on, author_id, product_id, reported) values (60, 'nulla pede ullamcorper augue a suscipit nulla elit ac nulla sed vel enim sit amet nunc viverra dapibus nulla suscipit', '2022-12-31', 11, 36, false);
insert into reviews (id, content, created_on, author_id, product_id, reported) values (61, 'nunc proin at turpis a pede posuere nonummy integer non velit', '2022-09-15', 6, 18, false);
insert into reviews (id, content, created_on, author_id, product_id, reported) values (62, 'posuere cubilia curae mauris viverra diam vitae quam suspendisse potenti nullam porttitor', '2022-05-08', 2, 38, false);
insert into reviews (id, content, created_on, author_id, product_id, reported) values (63, 'nisi eu orci mauris lacinia sapien quis libero nullam', '2023-01-22', 9, 15, false);
insert into reviews (id, content, created_on, author_id, product_id, reported) values (64, 'augue vestibulum ante ipsum primis in faucibus orci luctus et ultrices posuere cubilia curae donec pharetra', '2022-06-29', 4, 11, false);
insert into reviews (id, content, created_on, author_id, product_id, reported) values (65, 'in tempor turpis nec euismod scelerisque quam turpis adipiscing lorem vitae mattis nibh', '2022-11-25', 12, 34, false);
insert into reviews (id, content, created_on, author_id, product_id, reported) values (66, 'ut nulla sed accumsan felis ut at dolor quis odio consequat varius integer ac leo pellentesque ultrices mattis odio', '2022-04-05', 19, 47, false);
insert into reviews (id, content, created_on, author_id, product_id, reported) values (67, 'porttitor id consequat in consequat ut nulla sed accumsan felis ut at dolor', '2022-08-18', 6, 49, false);
insert into reviews (id, content, created_on, author_id, product_id, reported) values (68, 'dui vel sem sed sagittis nam', '2022-05-28', 10, 30, false);
insert into reviews (id, content, created_on, author_id, product_id, reported) values (69, 'consequat in consequat ut nulla sed accumsan', '2022-06-25', 5, 15, false);
insert into reviews (id, content, created_on, author_id, product_id, reported) values (70, 'neque vestibulum eget vulputate ut ultrices vel augue vestibulum ante ipsum primis in faucibus orci luctus et ultrices posuere', '2023-01-01', 8, 31, false);
insert into reviews (id, content, created_on, author_id, product_id, reported) values (71, 'turpis enim blandit mi in porttitor', '2022-06-25', 19, 38, false);
insert into reviews (id, content, created_on, author_id, product_id, reported) values (72, 'at vulputate vitae nisl aenean lectus pellentesque eget', '2022-07-18', 14, 6, false);
insert into reviews (id, content, created_on, author_id, product_id, reported) values (73, 'vel ipsum praesent blandit lacinia erat vestibulum sed magna at nunc commodo placerat praesent blandit nam nulla integer pede justo', '2022-05-12', 12, 25, false);
insert into reviews (id, content, created_on, author_id, product_id, reported) values (74, 'orci nullam molestie nibh in lectus pellentesque at nulla suspendisse potenti cras', '2022-04-07', 8, 49, false);
insert into reviews (id, content, created_on, author_id, product_id, reported) values (75, 'sit amet erat nulla tempus vivamus in felis eu sapien cursus vestibulum proin eu mi nulla ac enim in tempor', '2022-09-23', 19, 14, false);
insert into reviews (id, content, created_on, author_id, product_id, reported) values (76, 'consequat varius integer ac leo pellentesque', '2022-10-31', 3, 8, false);
insert into reviews (id, content, created_on, author_id, product_id, reported) values (77, 'neque duis bibendum morbi non quam nec dui luctus rutrum nulla tellus in sagittis', '2022-04-04', 1, 3, false);
insert into reviews (id, content, created_on, author_id, product_id, reported) values (78, 'sagittis sapien cum sociis natoque penatibus et magnis dis parturient montes nascetur', '2022-07-20', 17, 40, false);
insert into reviews (id, content, created_on, author_id, product_id, reported) values (79, 'eu mi nulla ac enim in tempor turpis nec euismod scelerisque', '2022-03-22', 2, 11, false);
insert into reviews (id, content, created_on, author_id, product_id, reported) values (80, 'nisi at nibh in hac habitasse platea dictumst aliquam augue quam sollicitudin vitae consectetuer eget rutrum at lorem integer tincidunt', '2022-09-07', 15, 15, false);
insert into reviews (id, content, created_on, author_id, product_id, reported) values (81, 'proin interdum mauris non ligula pellentesque ultrices phasellus id sapien in sapien iaculis congue vivamus metus arcu adipiscing molestie hendrerit', '2022-11-30', 8, 31, false);
insert into reviews (id, content, created_on, author_id, product_id, reported) values (82, 'non quam nec dui luctus rutrum nulla tellus in sagittis dui vel nisl', '2022-06-28', 12, 26, false);
insert into reviews (id, content, created_on, author_id, product_id, reported) values (83, 'phasellus in felis donec semper sapien a libero nam dui proin', '2022-12-21', 18, 3, false);
insert into reviews (id, content, created_on, author_id, product_id, reported) values (84, 'vestibulum vestibulum ante ipsum primis in faucibus orci luctus et ultrices posuere', '2022-08-11', 9, 15, false);
insert into reviews (id, content, created_on, author_id, product_id, reported) values (85, 'turpis a pede posuere nonummy integer non velit donec diam neque', '2022-11-14', 20, 13, false);
insert into reviews (id, content, created_on, author_id, product_id, reported) values (86, 'integer ac leo pellentesque ultrices mattis odio donec vitae nisi nam ultrices libero non mattis pulvinar nulla pede ullamcorper', '2022-09-07', 10, 49, false);
insert into reviews (id, content, created_on, author_id, product_id, reported) values (87, 'maecenas pulvinar lobortis est phasellus sit amet erat', '2022-06-01', 4, 17, false);
insert into reviews (id, content, created_on, author_id, product_id, reported) values (88, 'est lacinia nisi venenatis tristique fusce congue diam id ornare imperdiet sapien urna pretium nisl ut volutpat sapien arcu sed', '2022-06-28', 14, 42, false);
insert into reviews (id, content, created_on, author_id, product_id, reported) values (89, 'facilisi cras non velit nec nisi vulputate nonummy maecenas tincidunt', '2022-11-26', 5, 48, false);
insert into reviews (id, content, created_on, author_id, product_id, reported) values (90, 'dapibus duis at velit eu est congue', '2022-06-13', 8, 26, false);
insert into reviews (id, content, created_on, author_id, product_id, reported) values (91, 'nisi volutpat eleifend donec ut dolor morbi vel lectus in quam fringilla', '2022-07-26', 18, 49, false);
insert into reviews (id, content, created_on, author_id, product_id, reported) values (92, 'mauris ullamcorper purus sit amet nulla quisque arcu libero rutrum ac lobortis vel dapibus at diam nam tristique tortor', '2023-01-10', 2, 4, false);
insert into reviews (id, content, created_on, author_id, product_id, reported) values (93, 'ut blandit non interdum in ante vestibulum ante ipsum primis in faucibus orci luctus et ultrices', '2022-11-05', 6, 25, false);
insert into reviews (id, content, created_on, author_id, product_id, reported) values (94, 'risus auctor sed tristique in tempus sit amet sem fusce consequat nulla nisl', '2022-11-16', 19, 40, false);
insert into reviews (id, content, created_on, author_id, product_id, reported) values (95, 'neque vestibulum eget vulputate ut ultrices vel augue vestibulum ante ipsum primis in faucibus orci luctus et', '2022-06-12', 13, 43, false);
insert into reviews (id, content, created_on, author_id, product_id, reported) values (96, 'accumsan felis ut at dolor quis odio consequat varius integer', '2022-03-21', 9, 27, false);
insert into reviews (id, content, created_on, author_id, product_id, reported) values (97, 'interdum eu tincidunt in leo maecenas pulvinar lobortis est phasellus sit amet erat nulla tempus vivamus in', '2023-02-06', 17, 32, false);
insert into reviews (id, content, created_on, author_id, product_id, reported) values (98, 'in faucibus orci luctus et ultrices posuere cubilia curae donec pharetra magna vestibulum aliquet ultrices', '2022-10-14', 15, 50, false);
insert into reviews (id, content, created_on, author_id, product_id, reported) values (99, 'vehicula consequat morbi a ipsum', '2022-08-18', 10, 29, false);
insert into reviews (id, content, created_on, author_id, product_id, reported) values (100, 'magnis dis parturient montes nascetur ridiculus mus vivamus vestibulum sagittis sapien cum sociis natoque penatibus et magnis dis parturient', '2022-09-12', 5, 37, false);

-- insert user favorites

insert into users_favorites (user_entity_id, favorites_id) values (12, 45);
insert into users_favorites (user_entity_id, favorites_id) values (17, 31);
insert into users_favorites (user_entity_id, favorites_id) values (16, 29);
insert into users_favorites (user_entity_id, favorites_id) values (1, 7);
insert into users_favorites (user_entity_id, favorites_id) values (5, 11);
insert into users_favorites (user_entity_id, favorites_id) values (19, 18);
insert into users_favorites (user_entity_id, favorites_id) values (4, 2);
insert into users_favorites (user_entity_id, favorites_id) values (5, 19);
insert into users_favorites (user_entity_id, favorites_id) values (16, 24);
insert into users_favorites (user_entity_id, favorites_id) values (10, 34);
insert into users_favorites (user_entity_id, favorites_id) values (3, 20);
insert into users_favorites (user_entity_id, favorites_id) values (4, 15);
insert into users_favorites (user_entity_id, favorites_id) values (20, 3);
insert into users_favorites (user_entity_id, favorites_id) values (3, 41);
insert into users_favorites (user_entity_id, favorites_id) values (17, 33);
insert into users_favorites (user_entity_id, favorites_id) values (1, 49);
insert into users_favorites (user_entity_id, favorites_id) values (8, 19);
insert into users_favorites (user_entity_id, favorites_id) values (19, 42);
insert into users_favorites (user_entity_id, favorites_id) values (9, 20);
insert into users_favorites (user_entity_id, favorites_id) values (12, 38);
insert into users_favorites (user_entity_id, favorites_id) values (11, 30);
insert into users_favorites (user_entity_id, favorites_id) values (4, 46);
insert into users_favorites (user_entity_id, favorites_id) values (1, 18);
insert into users_favorites (user_entity_id, favorites_id) values (19, 14);
insert into users_favorites (user_entity_id, favorites_id) values (5, 50);
insert into users_favorites (user_entity_id, favorites_id) values (4, 33);
insert into users_favorites (user_entity_id, favorites_id) values (13, 37);
insert into users_favorites (user_entity_id, favorites_id) values (15, 12);
insert into users_favorites (user_entity_id, favorites_id) values (1, 33);
insert into users_favorites (user_entity_id, favorites_id) values (7, 37);
insert into users_favorites (user_entity_id, favorites_id) values (18, 43);
insert into users_favorites (user_entity_id, favorites_id) values (17, 43);
insert into users_favorites (user_entity_id, favorites_id) values (20, 29);
insert into users_favorites (user_entity_id, favorites_id) values (4, 18);
insert into users_favorites (user_entity_id, favorites_id) values (3, 25);
insert into users_favorites (user_entity_id, favorites_id) values (3, 9);
insert into users_favorites (user_entity_id, favorites_id) values (17, 26);
insert into users_favorites (user_entity_id, favorites_id) values (9, 16);
insert into users_favorites (user_entity_id, favorites_id) values (4, 26);
insert into users_favorites (user_entity_id, favorites_id) values (7, 28);
insert into users_favorites (user_entity_id, favorites_id) values (5, 44);
insert into users_favorites (user_entity_id, favorites_id) values (19, 11);
insert into users_favorites (user_entity_id, favorites_id) values (7, 21);
insert into users_favorites (user_entity_id, favorites_id) values (11, 5);
insert into users_favorites (user_entity_id, favorites_id) values (14, 9);
insert into users_favorites (user_entity_id, favorites_id) values (13, 35);
insert into users_favorites (user_entity_id, favorites_id) values (7, 25);
insert into users_favorites (user_entity_id, favorites_id) values (7, 41);
insert into users_favorites (user_entity_id, favorites_id) values (3, 37);
insert into users_favorites (user_entity_id, favorites_id) values (7, 13);
insert into users_favorites (user_entity_id, favorites_id) values (18, 14);
insert into users_favorites (user_entity_id, favorites_id) values (17, 17);
insert into users_favorites (user_entity_id, favorites_id) values (12, 49);
insert into users_favorites (user_entity_id, favorites_id) values (16, 40);
insert into users_favorites (user_entity_id, favorites_id) values (19, 24);
insert into users_favorites (user_entity_id, favorites_id) values (12, 37);
insert into users_favorites (user_entity_id, favorites_id) values (9, 23);
insert into users_favorites (user_entity_id, favorites_id) values (5, 17);
insert into users_favorites (user_entity_id, favorites_id) values (1, 50);
insert into users_favorites (user_entity_id, favorites_id) values (3, 26);
insert into users_favorites (user_entity_id, favorites_id) values (18, 21);
insert into users_favorites (user_entity_id, favorites_id) values (8, 45);
insert into users_favorites (user_entity_id, favorites_id) values (18, 50);
insert into users_favorites (user_entity_id, favorites_id) values (6, 44);
insert into users_favorites (user_entity_id, favorites_id) values (18, 10);
insert into users_favorites (user_entity_id, favorites_id) values (18, 8);
insert into users_favorites (user_entity_id, favorites_id) values (1, 5);
insert into users_favorites (user_entity_id, favorites_id) values (19, 2);
insert into users_favorites (user_entity_id, favorites_id) values (4, 42);
insert into users_favorites (user_entity_id, favorites_id) values (13, 2);
insert into users_favorites (user_entity_id, favorites_id) values (10, 19);
insert into users_favorites (user_entity_id, favorites_id) values (5, 26);
insert into users_favorites (user_entity_id, favorites_id) values (3, 12);
insert into users_favorites (user_entity_id, favorites_id) values (8, 47);

-- no liked reviews yet